column_a,column_b,column_c,column_d,column_e,column_f,column_g,column_h,column_i,column_j,column_k,column_l,column_m,column_n,column_o,column_p,column_q,column_r,column_s,column_t,column_u,column_v,column_w,column_x,column_y,column_z,column_aa,column_ab,column_ac,column_ad,column_ae,column_af,column_ag,column_ah,target
1,0,1,-0.03365,1,0.00485,1,-0.12062,0.88965,0.01198,0.73082,0.05346,0.85443,0.00827,0.54591,0.00299,0.83775,-0.13644,0.75535,-0.0854,0.70887,-0.27502,0.43385,-0.12062,0.57528,-0.4022,0.58984,-0.22145,0.431,-0.17365,0.60436,-0.2418,0.56045,-0.38238,1
1,0,1,0.0738,1,0.0342,1,-0.05563,1,0.08764,1,0.19651,1,0.20328,1,0.12785,1,0.10561,1,0.27087,1,0.44758,1,0.4175,1,0.20033,1,0.36743,0.95603,0.48641,1,0.32492,1,0.46712,1
1,0,0.99645,0.06468,1,-0.01236,0.97811,0.02498,0.96112,0.02312,0.99274,0.07808,0.89323,0.10346,0.94212,0.05269,0.88809,0.1112,0.86104,0.08631,0.81633,0.1183,0.83668,0.14442,0.81329,0.13412,0.79476,0.13638,0.7911,0.15379,0.77122,0.1593,0.70941,0.12015,1
1,0,0.96071,0.07088,1,0.04296,1,0.09313,0.90169,-0.05144,0.89263,0.0258,0.8325,-0.06142,0.87534,0.09831,0.76544,0.0028,0.75206,-0.05295,0.65961,-0.07905,0.64158,-0.05929,0.55677,-0.07705,0.58051,-0.02205,0.49664,-0.01251,0.5131,-0.00015,0.52099,-0.00182,1
1,0,1,-0.06182,1,0.02942,1,-0.05131,1,-0.01707,1,-0.11726,0.84493,-0.05202,0.93392,-0.06598,0.6917,-0.07379,0.65731,-0.20367,0.9491,-0.31558,0.80852,-0.31654,0.84932,-0.34838,0.72529,-0.29174,0.73094,-0.38576,0.54356,-0.26284,0.64207,-0.39487,1
1,0,1,0.00433,1,-0.01209,1,-0.0296,1,-0.07014,0.97839,-0.06256,1,-0.06544,0.97261,-0.07917,0.92561,-0.13665,0.94184,-0.14327,0.99589,-0.14248,0.94815,-0.13565,0.89469,-0.20851,0.89067,-0.17909,0.85644,-0.18552,0.83777,-0.20101,0.83867,-0.20766,1
1,0,0.91241,0.04347,0.94191,0.0228,0.94705,0.05345,0.93582,0.01321,0.91911,0.06348,0.92766,0.12067,0.92048,0.06211,0.88899,0.12722,0.83744,0.14439,0.80983,0.11849,0.77041,0.14222,0.75755,0.11299,0.7355,0.13282,0.66387,0.153,0.70925,0.10754,0.65258,0.11447,1
1,0,1,0.05812,0.94525,0.07418,0.99952,0.13231,1,-0.01911,0.94846,0.07033,0.95713,0.14644,0.94862,0.11224,0.90896,0.20119,0.96741,0.16265,0.99695,0.14258,0.90784,0.1641,0.91667,0.22431,0.88423,0.23571,0.88568,0.22511,0.78324,0.29576,0.83574,0.31166,1
1,0,1,0.67784,0.81309,0.82021,0.43019,1,0.20619,0.80541,-0.43872,1,-0.79135,0.77092,-1,0.40268,-0.39046,-0.58634,-0.97907,-0.42822,-0.73083,-0.76339,-0.37671,-0.97491,0.41366,-1,0.41778,-0.93296,0.25773,-1,0.9357,-0.35222,0.98816,0.03446,1
1,0,1,0.04078,1,0.11982,1,0.16159,1,0.27921,0.98703,0.30889,0.92745,0.37639,0.91118,0.39749,0.81939,0.46059,0.78619,0.46994,0.794,0.56282,0.70331,0.58129,0.67077,0.59723,0.58903,0.6099,0.53952,0.60932,0.45312,0.63636,0.40442,0.62658,1
1,0,0.74852,-0.02811,0.6568,-0.05178,0.80621,0.02811,0.85947,0.02515,0.63462,0.08728,0.71598,0.0784,0.73077,0.05178,0.7855,-0.27811,0.65976,-0.01479,0.78698,0.06953,0.34615,-0.18639,0.65385,0.02811,0.61009,-0.06637,0.5355,-0.21154,0.59024,-0.14053,0.56361,0.02959,1
1,0,0.67547,0.04528,0.76981,-0.10566,0.77358,0.03774,0.66038,-0.04528,0.64528,0.01132,0.66792,-0.13962,0.72075,-0.02264,0.76981,0.08679,0.61887,-0.07925,0.75849,-0.23774,0.73962,-0.14717,0.84906,-0.15094,0.73886,-0.05801,0.66792,0.02264,0.86415,0.03774,0.73208,0.00755,1
1,0,0.57647,-0.01569,0.40392,0,0.38431,0.12941,0.4,-0.05882,0.56471,0.14118,0.46667,0.08235,0.52549,-0.0549,0.58039,0.01569,0.50196,0,0.45882,0.06667,0.58039,0.08235,0.49804,0.00392,0.48601,0.10039,0.46275,0.08235,0.45098,0.23529,0.43137,0.17255,1
1,0,0.74084,0.04974,0.79074,0.02543,0.78575,0.03793,0.6623,0.09948,0.67801,0.31152,0.75934,0.07348,0.74695,0.08442,0.70681,-0.07853,0.63613,0,0.70021,0.11355,0.68183,0.12185,0.67016,0.15445,0.64158,0.13608,0.65707,0.17539,0.59759,0.14697,0.57455,0.15114,1
1,0,1,0.01709,0.96215,-0.03142,1,-0.03436,1,-0.05071,0.99026,-0.07092,0.99173,-0.09002,1,-0.15727,1,-0.14257,0.9831,-0.11813,1,-0.18519,1,-0.19272,0.98971,-0.22083,0.9649,-0.20243,0.94599,-0.17123,0.96436,-0.22561,0.87011,-0.23296,1
1,0,0.99449,0.00526,0.84082,-0.11313,0.88237,-0.16431,0.99061,-0.06257,0.96484,-0.07496,0.85221,0.02966,0.87161,-0.20848,0.93881,-0.12977,0.98298,-0.08935,0.89876,0.00075,0.87836,-0.05882,0.93368,-0.19872,0.87579,-0.17806,0.94294,-0.16581,0.80253,-0.25741,0.76586,-0.27794,1
1,0,0.21429,-0.09524,0.33333,0.07143,0.19048,0.19048,0.2381,0.09524,0.40476,0.02381,0.30952,-0.04762,0.30952,-0.04762,0.28571,-0.11905,0.33333,0.04762,0.30952,0,0.21429,-0.11905,0.35714,-0.04762,0.22109,-0.0229,0.19048,0,0.16997,-0.02034,0.14694,-0.01877,1
1,0,0.98182,0,0.88627,0.03131,0.86249,0.04572,0.8,0,0.69091,0.04545,0.79343,0.08436,0.77118,0.09579,0.62727,0.25455,0.68182,0.12727,0.70674,0.12608,0.68604,0.13493,0.74545,0.22727,0.64581,0.15088,0.67273,0.02727,0.60715,0.16465,0.5884,0.17077,1
1,0,0.86889,-0.07111,1,-0.02494,1,-0.06889,0.87778,0.00222,0.83556,-0.06444,1,-0.07287,1,-0.2,0.86889,0.05333,0.88,-0.03778,1,-0.11526,1,-0.18667,0.84444,0.03556,1,-0.14162,0.82222,-0.14667,1,-0.15609,1,-0.44222,1
1,0,0.95882,0.10129,1,-0.01918,0.98313,0.02555,0.96974,-0.09316,0.98955,-0.02716,0.9798,-0.03096,1,-0.05343,1,-0.05179,0.9384,0.01557,0.9762,-0.09284,0.97889,-0.05318,0.91567,-0.15675,0.95677,-0.06995,0.90978,0.01307,1,-0.10797,0.93144,-0.06888,1
1,0,0.96933,0.00876,1,0.00843,0.98658,-0.00763,0.97868,-0.02844,0.9982,-0.0351,1,-0.01271,1,-0.02581,1,-0.01175,0.98485,0.00025,1,-0.02612,1,-0.04744,0.96019,-0.04527,0.99188,-0.03473,0.9702,-0.02478,1,-0.03855,0.9842,-0.04112,1
1,0,0.26667,-0.1,0.53333,0,0.33333,-0.13333,0.36667,0.11667,0.56667,0.01667,0.71667,0.08333,0.7,-0.06667,0.53333,0.2,0.41667,-0.01667,0.31667,0.2,0.7,0,0.25,0.13333,0.46214,0.05439,0.4,0.03333,0.46667,0.03333,0.41667,-0.05,1
1,0,0.31034,-0.10345,0.24138,-0.10345,0.2069,-0.06897,0.07405,-0.05431,0.03649,-0.03689,0.01707,-0.02383,0.00741,-0.01482,0.00281,-0.00893,0.00078,-0.00523,-3e-05,-0.00299,-0.00028,-0.00166,-0.00031,-0.0009,-0.00025,-0.00048,-0.00018,-0.00024,-0.00012,-0.00012,-8e-05,-6e-05,1
1,0,0.25,0.16667,0.46667,0.26667,0.19036,0.23966,0.07766,0.19939,0.0107,0.14922,-0.02367,0.10188,-0.03685,0.06317,-0.03766,0.03458,-0.0323,0.01532,-0.02474,0.00357,-0.01726,-0.00273,-0.01097,-0.00539,-0.00621,-0.00586,-0.00294,-0.0052,-0.00089,-0.00408,0.00025,-0.00291,1
1,0,0.90374,-0.01604,1,0.08021,1,0.01604,0.93048,0.00535,0.93583,-0.01604,1,0,1,0.06417,1,0.04813,0.91444,0.04278,0.96791,0.02139,0.9893,-0.01604,0.96257,0.05348,0.96974,0.04452,0.87701,0.0107,1,0.09091,0.97861,0.06417,1
1,0,0.94653,0.28713,0.72554,0.67248,0.47564,0.82455,0.01267,0.89109,-0.24871,0.84475,-0.47644,0.56079,-0.75881,0.41743,-0.66455,0.07208,-0.65426,-0.19525,-0.52475,-0.44,-0.30851,-0.55089,-0.04119,-0.64792,0.16085,-0.5642,0.36752,-0.41901,0.46059,-0.22535,0.50376,-0.0598,1
1,0,0.72414,-0.01084,0.79704,0.01084,0.8,0.00197,0.79015,0.01084,0.78424,-0.00985,0.8335,0.03251,0.85123,0.01675,0.80099,-0.00788,0.79113,-0.02956,0.75961,0.0335,0.74778,0.05517,0.72611,-0.01478,0.78041,0.00612,0.74089,-0.05025,0.82956,0.02956,0.79015,0.00788,1
1,0,0.4709,0.22751,0.42328,0.33598,0.25661,0.47619,0.01852,0.49471,-0.02116,0.53968,-0.34127,0.31217,-0.4127,0.3254,-0.51587,0.06878,-0.5,-0.1164,-0.14815,-0.1455,-0.14815,-0.38095,-0.2328,0.00265,0.03574,-0.31739,0.15873,-0.21693,0.24868,-0.24339,0.2672,0.04233,1
1,0,0.85736,0.00075,0.81927,-0.05676,0.77521,-0.04182,0.84317,0.09037,0.86258,0.11949,0.88051,-0.06124,0.78342,0.0351,0.83719,-0.06796,0.8357,-0.1419,0.88125,0.01195,0.90515,0.0224,0.79686,-0.01942,0.82383,-0.03678,0.88125,-0.06423,0.73936,-0.01942,0.79089,-0.09186,1
1,0,1,0,1,0,0.66667,0.11111,1,-0.11111,0.88889,-0.11111,1,-0.22222,0.77778,0,0.77778,0,1,-0.11111,0.77778,-0.11111,0.66667,-0.11111,0.66667,0,0.90347,-0.05352,1,0.11111,0.88889,-0.11111,1,0,1
1,0,1,0.11765,1,0.23529,1,0.41176,1,0.05882,1,0.23529,1,0.11765,1,0.47059,1,-0.05882,1,-0.11765,1,0.35294,1,0.41176,1,-0.11765,1,0.20225,1,0.05882,1,0.35294,1,0.23529,1
1,0,0.91667,0.29167,0.83333,-0.16667,0.70833,0.25,0.875,-0.08333,0.91667,0.04167,0.83333,0.125,0.70833,0,0.875,0.04167,1,0.08333,0.66667,-0.08333,0.75,0.16667,0.83333,-0.125,0.83796,0.05503,1,0.20833,0.70833,0,0.70833,0.04167,1
1,0,1,0.23058,1,-0.78509,1,-0.10401,1,0.15414,1,0.2782,0.9812,-0.06861,1,0.0661,0.95802,-0.18954,0.83584,-0.15633,0.974,0.03728,0.99624,0.09242,1,-0.01253,0.96238,-0.04597,0.91165,0.03885,1,-0.13722,0.96523,-0.11717,1
1,0,0.79847,0.38265,0.80804,-0.16964,1,-0.07653,0.98151,-0.07398,0.70217,0.20663,0.99745,0.02105,0.98214,0.02487,1,-0.13074,0.95663,0.07717,1,0.00191,0.90306,0.30804,1,-0.14541,1,-0.00394,0.75638,0.07908,1,-0.1875,1,-0.0574,1
1,0,1,0.09091,0.95455,-0.09091,0.77273,0,1,0,0.95455,0,1,0.04545,0.90909,-0.04545,1,0,1,0,0.86364,0.09091,0.77273,0.09091,0.90909,0.04545,0.91541,0.02897,0.95455,0.09091,0.86364,-0.09091,0.86364,0.04545,1
1,0,0.47368,-0.10526,0.83781,0.01756,0.83155,0.02615,0.68421,-0.05263,0.68421,0,0.79856,0.05028,0.78315,0.05756,0.84211,0.47368,1,0.05263,0.7255,0.07631,0.70301,0.08141,0.42105,0.21053,0.65419,0.08968,0.52632,-0.21053,0.6015,0.09534,0.57418,0.09719,1
1,0,0.45455,0.09091,0.63636,0.09091,0.27273,0.18182,0.63636,0,0.36364,-0.09091,0.45455,-0.09091,0.48612,-0.01343,0.63636,-0.18182,0.45455,0,0.36364,-0.09091,0.27273,0.18182,0.36364,-0.09091,0.34442,-0.01768,0.27273,0,0.36364,0,0.28985,-0.01832,1
1,0,0.88804,0.38138,0.65926,0.69431,0.29148,0.87892,-0.06726,0.90135,-0.39597,0.80441,-0.64574,0.56502,-0.8296,0.26906,-0.7894,-0.08205,-0.6278,-0.30942,-0.46637,-0.55605,-0.16449,-0.64338,0.09562,-0.61055,0.30406,-0.48392,0.43227,-0.29838,0.47029,-0.09461,0.42152,0.12556,1
1,0,0.88103,-0.00857,0.89818,-0.02465,0.94105,-0.01822,0.89175,-0.12755,0.82208,-0.10932,0.88853,0.01179,0.90782,-0.13719,0.87138,-0.06109,0.90782,-0.02358,0.87996,-0.14577,0.82851,-0.12433,0.90139,-0.19507,0.88245,-0.14903,0.84352,-0.12862,0.88424,-0.18542,0.91747,-0.16827,1
1,0,0.88853,0.01631,0.92007,0.01305,0.92442,0.01359,0.89179,-0.10223,0.90103,-0.08428,0.9304,-0.01033,0.93094,-0.08918,0.86025,-0.05057,0.89451,-0.04024,0.88418,-0.12126,0.88907,-0.11909,0.8298,-0.14138,0.86453,-0.11808,0.85536,-0.13051,0.83524,-0.12452,0.86786,-0.12235,1
1,0,0.87048,0.38027,0.64099,0.69212,0.31347,0.86625,-0.03933,0.9074,-0.42173,0.79346,-0.70561,0.5156,-0.81049,0.22735,-0.81136,-0.12539,-0.67474,-0.38102,-0.38334,-0.62861,-0.13013,-0.70762,0.15552,-0.66421,0.38544,-0.51568,0.52573,-0.29897,0.56239,-0.05938,0.5146,0.16645,1
1,0,0.62335,-0.0349,0.59085,0.00481,0.60409,-0.07461,0.63177,0.00963,0.62455,-0.07461,0.67028,0.0722,0.62936,-0.08424,0.67509,0.09146,0.67148,0,0.58965,0.10108,0.5006,0.03129,0.65945,0.14079,0.60463,0.02019,0.51384,0.04452,0.61733,-0.00963,0.61372,-0.09146,1
1,0,0.61538,0.18923,0.78157,0.0178,0.77486,0.02647,0.65077,-0.10308,0.77538,0.08,0.73961,0.0506,0.72322,0.05776,0.68615,-0.08923,0.61692,0.16308,0.66233,0.07573,0.63878,0.08041,0.60154,-0.07231,0.58803,0.08767,0.55077,0.25692,0.53389,0.09207,0.50609,0.09322,1
1,0,0.68317,0.05375,0.84803,0.00202,0.84341,0.00301,0.843,0.09901,0.75813,0.04102,0.81892,0.00585,0.80738,0.00673,0.80622,-0.12447,0.77935,-0.03536,0.76365,0.00909,0.74635,0.00978,0.79632,-0.04243,0.70824,0.01096,0.62235,0.11598,0.66624,0.0119,0.64407,0.01227,1
1,0,0.5,0,0.38696,0.10435,0.4913,0.06522,0.46957,-0.03913,0.35652,-0.12609,0.45652,0.04783,0.50435,0.02609,0.35652,0.19565,0.42174,0.14783,0.42174,-0.02609,0.32174,-0.11304,0.47391,-0.0087,0.41789,0.06908,0.38696,0.03913,0.35217,0.14783,0.44783,0.17391,1
1,0,1,0.11385,0.70019,-0.12144,0.81594,0.09677,0.71157,0.01139,0.56167,-0.0778,0.6907,0.12524,0.58634,0.03985,0.53131,-0.03416,0.6945,0.16888,0.72676,0.07211,0.32068,0.05882,0.53321,0.37381,0.4909,0.17951,0.1518,0.32448,0.44141,0.18897,0.56167,0.1518,1
1,0,1,0.08013,0.96775,-0.00482,0.96683,-0.00722,0.8798,-0.03923,1,0.01419,0.96186,-0.01436,0.95947,-0.01671,0.98497,0.01002,0.91152,-0.08848,0.95016,-0.02364,0.94636,-0.02591,0.98164,0.02003,0.93772,-0.03034,1,-0.05843,0.92774,-0.03464,0.92226,-0.03673,1
1,0,0.47938,-0.12371,0.42784,-0.12371,0.70103,-0.39175,0.73196,0.07216,0.26289,-0.21649,0.49485,0.15979,0.45361,-0.11856,0.42268,0.06186,0.5,-0.2732,0.54639,0.18557,0.42268,0.08247,0.70619,0.19588,0.53396,-0.12447,0.15464,-0.26289,0.47423,0.04124,0.45361,-0.51546,1
1,0,0.50112,-0.03596,0.61124,0.01348,0.58876,0.01573,0.58876,0.02472,0.66742,-0.00449,0.71685,-0.04719,0.66517,0.00899,0.57303,0.02472,0.64719,-0.07416,0.56854,0.14157,0.57528,-0.03596,0.46517,0.04944,0.56588,0.00824,0.4764,-0.03596,0.54607,0.10562,0.60674,-0.0809,1
1,0,0.71521,-0.00647,0.66667,-0.04207,0.63107,-0.05178,0.77994,0.08091,0.67314,0.09709,0.64725,0.15858,0.60194,-0.01942,0.54369,-0.04531,0.46926,-0.10032,0.64725,0.14887,0.39159,0.21683,0.52427,-0.05502,0.45105,0.0004,0.31392,-0.06796,0.49191,-0.1068,0.30421,-0.05178,1
1,0,0.60678,-0.02712,0.67119,0.04068,0.52881,-0.04407,0.50508,0.03729,0.70508,-0.07797,0.57966,-0.02034,0.5322,0.07797,0.64068,0.11864,0.56949,-0.02373,0.5322,0.00678,0.71525,-0.0339,0.52881,-0.0339,0.57262,0.0075,0.58644,-0.00339,0.58983,-0.02712,0.50169,0.0678,1
1,0,0.49515,0.09709,0.29612,0.05825,0.34951,0,0.57282,-0.02427,0.58252,0.02427,0.33495,0.04854,0.52427,0.00485,0.47087,-0.1068,0.43204,0.00485,0.34951,0.05825,0.18932,0.25728,0.31068,-0.15049,0.36547,0.03815,0.3932,0.17476,0.26214,0,0.37379,-0.01942,1
1,0,0.89835,0.35157,0.67333,0.62233,0.43898,0.94353,-0.03643,0.8051,-0.22838,0.75334,-0.25137,0.48816,-0.57377,0.28415,-0.6675,0.10591,-0.47359,-0.06193,-0.81056,-0.06011,-0.33197,-0.47592,-0.12897,-0.5362,0.07158,-0.51925,0.24321,-0.43478,0.36586,-0.30057,0.42805,0.13297,1
1,0,0.58459,-0.35526,1,0.35338,0.75376,-0.00564,0.82519,0.19361,0.50188,-0.27632,0.65977,0.06391,0.69737,0.14662,0.72368,-0.42669,0.76128,0.04511,0.66917,0.20489,0.84774,-0.40977,0.6485,-0.04699,0.56836,-0.10571,0.5282,-0.13346,0.15602,-0.12218,0.44767,-0.10309,1
1,0,0.83609,0.13215,0.72171,0.06059,0.65829,0.08315,0.23888,0.12961,0.43837,0.2033,0.49418,0.12686,0.44747,0.13507,0.29352,0.02922,0.48158,0.15756,0.32835,0.14616,0.29495,0.14638,0.26436,0.1453,0.23641,0.14314,0.26429,0.16137,0.18767,0.13632,0.16655,0.13198,1
1,0,0.47337,0.19527,0.06213,-0.18343,0.62316,0.01006,0.45562,-0.04438,0.56509,0.01775,0.44675,0.27515,0.71598,-0.03846,0.55621,0.12426,0.4142,0.11538,0.52767,0.02842,0.51183,-0.10651,0.47929,-0.02367,0.46514,0.03259,0.5355,0.25148,0.31953,-0.14497,0.34615,-0.00296,1
1,0,0.84713,-0.03397,0.86412,-0.08493,0.81953,0,0.73673,-0.07643,0.71975,-0.13588,0.74947,-0.11677,0.77495,-0.18684,0.78132,-0.21231,0.61996,-0.10191,0.79193,-0.15711,0.89384,-0.03397,0.84926,-0.26115,0.74115,-0.23312,0.66242,-0.22293,0.72611,-0.37792,0.65817,-0.24841,1
1,0,0.87772,-0.08152,0.83424,0.07337,0.84783,0.04076,0.77174,-0.02174,0.77174,-0.05707,0.82337,-0.10598,0.67935,-0.00543,0.88043,-0.20924,0.83424,0.03261,0.86413,-0.05978,0.97283,-0.27989,0.85054,-0.1875,0.83705,-0.10211,0.8587,-0.03261,0.78533,-0.1087,0.79076,-0.00543,1
1,0,0.74704,-0.13241,0.53755,0.16996,0.72727,0.09486,0.69565,-0.11067,0.66798,-0.23518,0.87945,-0.1917,0.73715,0.0415,0.63043,-0.00395,0.63636,-0.11858,0.79249,-0.25296,0.66403,-0.28656,0.67194,-0.10474,0.61847,-0.12041,0.60079,-0.20949,0.37549,0.06917,0.61067,-0.01383,1
1,0,0.46785,0.11308,0.5898,0.00665,0.55432,0.06874,0.47894,-0.13969,0.52993,0.0133,0.63858,-0.16186,0.67849,-0.03326,0.54545,-0.13525,0.52993,-0.04656,0.47894,-0.19512,0.50776,-0.13525,0.41463,-0.20177,0.5393,-0.11455,0.59867,-0.02882,0.53659,-0.11752,0.56319,-0.04435,1
1,0,0.88241,0.30634,0.73232,0.57816,0.34109,0.58527,0.05717,1,-0.09238,0.92118,-0.62403,0.71996,-0.69767,0.32558,-0.81422,0.41195,-1,-0.00775,-0.78973,-0.41085,-0.76901,-0.45478,-0.57242,-0.67605,-0.3161,-0.81876,-0.02979,-0.86841,0.25392,-0.82127,0.00194,-0.81686,1
1,0,0.9287,0.33164,0.76168,0.62349,0.49305,0.84266,0.21592,0.95193,-0.13956,0.96167,-0.47202,0.8359,-0.70747,0.6549,-0.87474,0.3675,-0.91814,0.05595,-0.89824,-0.26173,-0.73969,-0.54069,-0.50757,-0.74735,-0.22323,-0.86122,0.0781,-0.87159,0.36021,-0.78057,0.59407,-0.6027,1
1,0,0.83367,0.31456,0.65541,0.57671,0.34962,0.70677,0.17293,0.78947,-0.18976,0.79886,-0.41729,0.66541,-0.68421,0.47744,-0.74725,0.19492,-0.7218,-0.04887,-0.6203,-0.28195,-0.49165,-0.53463,-0.26577,-0.66014,-0.0153,-0.69706,0.22708,-0.64428,0.431,-0.51206,0.64662,-0.30075,1
1,0,0.98455,-0.02736,0.98058,-0.04104,1,-0.07635,0.9872,0.01456,0.95278,-0.02604,0.985,-0.07458,0.99382,-0.07149,0.97396,-0.09532,0.97264,-0.12224,0.99294,-0.05252,0.95278,-0.08914,0.97352,-0.08341,0.96653,-0.12912,0.93469,-0.14916,0.97132,-0.15755,0.96778,-0.188,1
1,0,0.33333,-0.25,0.44444,0.22222,0.38889,0.16667,0.41667,0.13889,0.5,-0.11111,0.54911,-0.08443,0.58333,0.33333,0.55556,0.02778,0.25,-0.19444,0.47222,-0.05556,0.52778,-0.02778,0.38889,0.08333,0.41543,-0.14256,0.19444,-0.13889,0.36924,-0.14809,0.08333,-0.5,1
1,0,0.83789,0.42904,0.72113,0.58385,0.45625,0.78115,0.1647,0.82732,-0.13012,0.86947,-0.46177,0.78497,-0.59435,0.5207,-0.7847,0.26529,-0.84014,0.03928,-0.62041,-0.31351,-0.47412,-0.48905,-0.37298,-0.67796,-0.05054,-0.62691,0.1469,-0.45911,0.37093,-0.39167,0.48319,-0.24313,1
1,0,0.92436,0.36924,0.71976,0.6842,0.29303,0.94078,-0.11108,0.76527,-0.31605,0.92453,-0.66616,0.78766,-0.92145,0.42314,-0.94315,0.09585,-1,0.03191,-0.66431,-0.66278,-0.4601,-0.78174,-0.13486,-0.88082,0.19765,-0.85137,0.48904,-0.70247,0.69886,-0.46048,0.76066,-0.13194,1
1,0,0.95559,-0.00155,0.86421,-0.13244,0.94982,-0.00461,0.82809,-0.51171,0.92441,0.10368,1,-0.14247,0.99264,-0.02542,0.95853,-0.15518,0.84013,0.61739,1,-0.16321,0.87492,-0.08495,0.85741,-0.01664,0.84132,-0.01769,0.82427,-0.01867,0.80634,-0.01957,0.78761,-0.02039,1
1,0,0.79378,0.29492,0.64064,0.52312,0.41319,0.68158,0.14177,0.83548,-0.16831,0.78772,-0.42911,0.72328,-0.57165,0.41471,-0.75436,0.16755,-0.69977,-0.09856,-0.57695,-0.23503,-0.40637,-0.38287,-0.17437,-0.5254,0.01523,-0.48707,0.1903,-0.38059,0.31008,-0.23199,0.34572,-0.08036,1
1,0,0.88085,0.35232,0.68389,0.65128,0.34816,0.79784,0.05832,0.90842,-0.29784,0.8649,-0.62635,0.6959,-0.77106,0.39309,-0.85803,0.08408,-0.81641,-0.24017,-0.64579,-0.50022,-0.39766,-0.68337,-0.11147,-0.75533,0.17041,-0.71504,0.40675,-0.57649,0.56626,-0.36765,0.62765,-0.13305,1
1,0,0.89589,0.39286,0.66129,0.71804,0.29521,0.90824,-0.04787,0.94415,-0.45725,0.84605,-0.7766,0.58511,-0.92819,0.25133,-0.92282,-0.15315,-0.76064,-0.48404,-0.50931,-0.76197,-0.14895,-0.88591,0.21581,-0.85703,0.53229,-0.68593,0.74846,-0.40656,0.83142,-0.07029,0.76862,0.27926,1
1,0,1,-0.24051,1,-0.20253,0.87342,-0.10127,0.88608,0.01266,1,0.11392,0.92405,0.06329,0.8481,-0.03797,0.63291,-0.36709,0.87342,-0.01266,0.93671,0.06329,1,0.25316,0.62025,-0.37975,0.84637,-0.0554,1,-0.06329,0.53165,0.02532,0.83544,-0.02532,1
1,0,0.7479,0.0084,0.83312,0.01659,0.82638,0.02469,0.86555,0.01681,0.60504,0.05882,0.79093,0.04731,0.77441,0.05407,0.64706,0.19328,0.84034,0.04202,0.71285,0.07122,0.68895,0.07577,0.66387,0.08403,0.63728,0.08296,0.61345,0.01681,0.58187,0.08757,0.5533,0.08891,1
1,0,1,-0.01179,1,-0.00343,1,-0.01565,1,-0.01565,1,-0.02809,1,-0.02187,0.99828,-0.03087,0.99528,-0.03238,0.99314,-0.03452,1,-0.03881,1,-0.05039,1,-0.04931,0.99842,-0.05527,0.994,-0.06304,0.99057,-0.06497,0.98971,-0.06668,1
1,0,0.90071,0.01773,1,-0.01773,0.90071,0.00709,0.84752,0.05674,1,0.03546,0.97872,0.01064,0.97518,0.03546,1,-0.03191,0.89716,-0.03191,0.8617,0.07801,1,0.0922,0.90071,0.0461,0.94305,0.03247,0.94681,0.02482,1,0.01064,0.93617,0.02128,1
1,0,0.39394,-0.24242,0.62655,0.0127,0.45455,0.09091,0.63636,0.09091,0.21212,-0.21212,0.57576,0.15152,0.39394,0,0.56156,0.04561,0.51515,0.0303,0.78788,0.18182,0.30303,-0.15152,0.48526,0.05929,0.46362,0.06142,0.33333,-0.0303,0.41856,0.0641,0.39394,0.24242,1
1,0,0.8811,0,0.94817,-0.02744,0.93598,-0.0122,0.90244,0.01829,0.90244,0.01829,0.93902,0.00915,0.95732,0.00305,1,0.02744,0.94207,-0.0122,0.90854,0.02439,0.91463,0.05488,0.99695,0.04878,0.89666,0.02226,0.90854,0.00915,1,0.05488,0.97561,-0.0122,1
1,0,0.82624,0.08156,0.79078,-0.08156,0.90426,-0.01773,0.92908,0.01064,0.80142,0.08865,0.94681,-0.00709,0.94326,0,0.93262,0.20213,0.95035,-0.00709,0.91489,0.00709,0.80496,0.07092,0.91135,0.15957,0.89527,0.08165,0.7766,0.06738,0.92553,0.18085,0.92553,0,1
1,0,0.97513,0.0071,0.98579,0.01954,1,0.01954,0.9929,0.01599,0.95737,0.02309,0.97158,0.03552,1,0.0373,0.97869,0.02131,0.98579,0.05684,0.97158,0.04796,0.94494,0.05506,0.98401,0.03552,0.9754,0.06477,0.94849,0.08171,0.99112,0.06217,0.98934,0.09947,1
1,0,0.8842,0.36724,0.67123,0.67382,0.39613,0.86399,0.02424,0.93182,-0.35148,0.83713,-0.60316,0.58842,-0.78658,0.38778,-0.83285,-0.00642,-0.69318,-0.32963,-0.52504,-0.53924,-0.27377,-0.68126,0.00806,-0.69774,0.26028,-0.60678,0.44569,-0.43383,0.54209,-0.21542,0.56286,0.02823,1
1,0,0.98002,0.00075,1,0,0.98982,-0.00075,0.94721,0.02394,0.977,0.0213,0.97888,0.03073,0.9917,0.02338,0.93929,0.05713,0.93552,0.05279,0.97738,0.05524,1,0.06241,0.94155,0.08107,0.96709,0.07255,0.95701,0.08088,0.9819,0.08126,0.97247,0.08616,1
1,0,0.35346,-0.13768,0.69387,-0.02423,0.68195,-0.03574,0.55717,-0.06119,0.61836,-0.10467,0.62099,-0.06527,0.59361,-0.07289,0.42271,-0.26409,0.58213,0.04992,0.49736,-0.08771,0.46241,-0.08989,0.45008,-0.00564,0.39146,-0.09038,0.35588,-0.10306,0.32232,-0.08637,0.28943,-0.083,1
1,0,0.76046,0.01092,0.86335,0.00258,0.85821,0.00384,0.79988,0.02304,0.81504,0.12068,0.83096,0.00744,0.81815,0.00854,0.82777,-0.06974,0.76531,0.03881,0.76979,0.01148,0.75071,0.01232,0.77138,-0.00303,0.70886,0.01375,0.66161,0.00849,0.66298,0.01484,0.63887,0.01525,1
1,0,0.83508,0.08298,0.73739,-0.14706,0.84349,-0.05567,0.90441,-0.04622,0.89391,0.1313,0.81197,0.06723,0.79307,-0.08929,1,-0.02101,0.96639,0.06618,0.87605,0.01155,0.77521,0.06618,0.95378,-0.04202,0.83479,0.00123,1,0.12815,0.8666,-0.10714,0.90546,-0.04307,1
1,0,0.95113,0.00419,0.95183,-0.02723,0.93438,-0.0192,0.9459,0.01606,0.9651,0.03281,0.94171,0.0733,0.94625,-0.01326,0.97173,0.0014,0.94834,0.06038,0.9267,0.08412,0.93124,0.10087,0.9452,0.01361,0.93522,0.04925,0.93159,0.08168,0.94066,-0.00035,0.91483,0.04712,1
1,0,0.94701,-0.00034,0.93207,-0.03227,0.95177,-0.03431,0.95584,0.02446,0.94124,0.01766,0.92595,0.04688,0.93954,-0.01461,0.94837,0.02004,0.93784,0.01393,0.91406,0.07677,0.8947,0.06148,0.93988,0.03193,0.92489,0.02542,0.9212,0.02242,0.92459,0.00442,0.92697,-0.00577,1
1,0,0.90608,-0.01657,0.98122,-0.01989,0.95691,-0.03646,0.85746,0.0011,0.89724,-0.03315,0.89061,-0.01436,0.90608,-0.0453,0.91381,-0.00884,0.80773,-0.12928,0.88729,0.01215,0.92155,-0.0232,0.9105,-0.02099,0.89147,-0.0776,0.82983,-0.17238,0.96022,-0.03757,0.87403,-0.16243,1
1,0,0.8471,0.13533,0.73638,-0.06151,0.87873,0.0826,0.88928,-0.09139,0.78735,0.06678,0.80668,-0.00351,0.79262,-0.01054,0.85764,-0.04569,0.8717,-0.03515,0.81722,-0.0949,0.71002,0.04394,0.86467,-0.15114,0.81147,-0.04822,0.78207,-0.00703,0.75747,-0.06678,0.85764,-0.06151,1
1,0,0.93669,-0.0019,0.60761,0.43204,0.92314,-0.40129,0.93123,0.16828,0.96197,0.09061,0.99676,0.08172,0.91586,0.05097,0.84628,-0.25324,0.87379,-0.14482,0.84871,0.26133,0.75081,-0.03641,0.84547,-0.02589,0.87293,-0.02302,0.98544,0.09385,0.78317,-0.10194,0.85841,-0.14725,2
1,0,1,-0.02259,1,-0.04494,1,-0.06682,1,-0.08799,1,0.56173,1,-0.12738,1,-0.14522,1,0.32407,1,-0.17639,0.99484,-0.18949,0.95601,-0.20081,1,-0.92284,0.8728,-0.21793,0.8292,-0.2237,0.78479,-0.22765,0.73992,-0.22981,2
1,0,0.50466,-0.169,0.71442,0.01513,0.71063,0.02258,0.68065,0.01282,0.34615,0.05594,0.6905,0.04393,0.68101,0.05058,0.67023,0.05692,0.63403,-0.04662,0.64503,0.06856,0.63077,0.07381,0.84033,0.18065,0.59935,0.08304,0.38228,0.0676,0.56466,0.09046,0.54632,0.09346,2
1,0,0.87111,0.04326,0.79946,0.18297,0.99009,0.29292,0.89455,-0.08337,0.88598,-0.02028,0.90446,-0.26724,0.8941,0.19964,0.88644,-0.04642,0.84452,-0.00991,0.97882,-0.34024,0.78954,-0.25101,0.86661,-0.09193,0.85967,-0.02908,0.78774,-0.04101,0.75935,0.21812,0.88238,0.09193,2
1,0,1,0.05149,0.99363,0.10123,0.96142,0.14756,0.95513,-0.26496,0.66026,0.54701,0.80426,0.25283,0.73781,0.2738,0.66775,0.28714,0.59615,0.29304,0.52494,0.292,0.45582,0.28476,0.39023,0.27226,0.3293,0.25553,0.27381,0.23568,0.22427,0.21378,0.18086,0.19083,2
1,0,0.94052,-0.01531,0.9417,0.01001,0.94994,-0.01472,0.95878,-0.0106,0.94641,-0.0371,0.97173,-0.01767,0.97055,-0.03887,0.95465,-0.04064,0.9523,-0.04711,0.94229,-0.02179,0.92815,-0.04417,0.92049,-0.04476,0.92695,-0.05827,0.90342,-0.07479,0.91991,-0.07244,0.92049,-0.0742,2
1,0,0.74449,-0.0239,0.70772,0.03309,0.72243,0.16912,0.79228,0.07721,0.81434,0.43934,0.63787,0.00551,0.70772,0.21691,1,0.06066,0.61029,0.05147,0.67463,0.04228,0.52022,-0.25,0.72978,-0.15809,0.61727,0.07124,0.30882,0.0864,0.55916,0.07458,0.60294,0.21691,2
1,0,0.6,0.03333,0.63333,0.06667,0.7,0.06667,0.7,0,0.63333,0,0.8,0,0.73333,0,0.7,0.1,0.66667,0.1,0.73333,-0.03333,0.76667,0,0.63333,0.13333,0.65932,0.10168,0.6,0.13333,0.6,0.16667,0.63333,0.16667,2
1,0,1,-0.45161,1,1,0.71216,-1,0,0,0,0,0,0,-1,0.14516,0.54094,-0.3933,-1,-0.54467,-0.69975,1,0,0,1,0.90695,0.51613,1,1,-0.20099,0.25682,1,-0.32382,1,2
1,0,0.02337,-0.00592,-0.09924,-0.11949,-0.00763,-0.11824,0.14706,0.06637,0.03786,-0.06302,0,0,-0.04572,-0.1554,-0.00343,-0.10196,-0.11575,-0.05414,0.01838,0.03669,0.01519,0.00888,0.03513,-0.01535,-0.0324,0.09223,-0.07859,0.00732,0,0,-0.00039,0.12011,2
0,0,0,0,0,0,1,-1,0,0,-1,-1,0,0,0,0,1,1,-1,-1,0,0,0,0,1,1,1,1,0,0,1,1,0,0,2
1,0,-0.01864,-0.08459,0,0,0,0,0.1147,-0.2681,-0.45663,-0.38172,0,0,-0.33656,0.38602,-0.37133,0.15018,0.63728,0.22115,0,0,0,0,-0.14803,-0.01326,0.20645,-0.02294,0,0,0.16595,0.24086,-0.08208,0.38065,2
0,0,-1,1,0,0,0,0,-1,1,1,1,0,0,0,0,1,-1,-1,1,1,1,0,0,-1,-1,1,-1,1,1,-1,1,0,0,2
0,0,-1,-1,0,0,-1,1,1,-0.375,0,0,0,0,0,0,1,-1,-1,-1,1,-1,0,0,1,-1,-1,1,-1,-1,0,0,-1,1,2
1,0,1,-1,1,1,1,-1,1,-1,1,-1,1,-0.0184,1,-1,1,1,1,-0.85583,1,1,1,-1,0,0,1,1,1,-0.79141,1,1,1,1,2
1,0,0.71253,-0.02595,0.41287,-0.23067,0.98019,-0.09473,0.99709,-0.10236,1,-0.10951,0.58965,1,0.83726,-1,0.8227,-0.17863,0.8076,-0.28257,-0.25914,0.9273,0.51933,0.05456,0.65493,-0.20392,0.93124,-0.41307,0.63811,-0.21901,0.86136,-0.87354,-0.23186,-1,2
1,0,0.66161,-1,1,1,1,-0.67321,0.80893,-0.40446,1,-1,1,-0.89375,1,0.73393,0.17589,0.70982,1,0.78036,1,0.85268,1,-1,1,0.85357,1,-0.08571,0.95982,-0.3625,1,0.65268,1,0.34732,2
0,0,1,1,1,-1,0,0,0,0,-1,-1,0,0,0,0,-1,1,1,1,-1,1,-1,1,1,-1,1,1,-1,1,1,1,0,0,2
1,0,1,0.02461,0.99672,0.04861,0.97545,0.07143,0.61745,-1,0.91036,0.11147,0.88462,0.5364,0.82077,0.14137,0.76929,0.15189,1,0.41003,0.6585,0.16371,0.60138,0.16516,0.54446,0.1639,0.48867,0.16019,0.43481,0.15436,0.38352,0.14677,1,1,2
1,0,-1,-1,1,1,1,-0.14375,0,0,-1,1,1,1,0.17917,-1,-1,-1,0.0875,-1,1,-1,-1,1,-1,-1,1,-1,-1,-1,1,1,0,0,2
1,0,-0.64286,-1,1,0.82857,1,-1,1,-0.23393,1,0.96161,1,-0.37679,1,-1,1,0.13839,1,-1,1,-0.03393,-0.84286,1,0.5375,0.85714,1,1,1,-1,1,-1,1,-1,2
0,0,0,0,0,0,0,0,1,1,1,1,0,0,0,0,-0.375,-1,-1,-1,0,0,0,0,-1,-1,-1,-1,-1,1,1,0,0,0,2
1,0,0.94598,-0.02685,-1,0.26131,-0.36393,0.35639,0.69258,-0.63427,1,-0.03353,-0.2902,-0.0055,-0.54852,0.15452,0.91921,-0.4627,1,-0.50424,-0.29735,-0.31454,-0.73864,0.37361,0.83872,-0.46734,0.52208,-0.5813,1,-0.61393,-0.09634,0.20477,-0.06117,0.41913,2
0,0,1,1,1,-1,0,0,0,0,1,1,1,1,-1,-1,1,-1,-1,1,0,0,1,-1,1,-1,1,1,-1,-1,0,0,0,0,2
1,0,-0.67935,-1,-1,1,1,0.63317,0.03515,-1,-1,-1,1,1,0.88683,-1,-1,1,0.8384,1,1,-1,-1,-1,-0.18856,1,1,-1,-1,-1,-1,1,1,0.33611,2
1,0,0.08333,-0.20685,-1,1,-1,1,0.71875,0.47173,-0.82143,-0.62723,-1,-1,-1,1,-0.02753,0.59152,-0.42113,-0.42113,-0.74628,-1,-1,-0.46801,-1,0.2381,1,-1,-1,-0.38914,-1,-1,-1,0.61458,2
0,0,-1,1,1,-1,-1,1,0,0,1,1,-1,-0.1875,1,1,-1,-1,1,-1,-1,-1,1,1,1,-1,1,1,1,1,0,0,-1,-1,2
1,0,0.17188,-1,-1,1,0,0,0,0,-1,1,0,0,-0.61354,-0.67708,0.80521,0.36146,0.51979,0.14375,0,0,-1,-0.27083,-0.84792,0.9625,1,1,-1,0.67708,0,0,0,0,2
1,0,0.01667,-0.35625,0,0,0,0,0,0,0,0,0,0,0.12292,-0.55,0.22813,0.82813,1,-0.42292,0,0,0.08333,-1,-0.10625,-0.16667,1,-0.76667,-1,0.18854,0,0,1,-0.27292,2
1,0,0.63816,1,0.20833,-1,1,1,0.87719,0.30921,-0.66886,1,-0.05921,0.58772,0.01754,0.05044,-0.51535,-1,0.14254,-0.03289,0.32675,-0.4386,-1,1,0.80921,-1,1,-0.0614,1,1,0.20614,-1,1,1,2
1,0,0.84783,0.10598,1,0.3913,1,-1,0.66938,0.08424,1,0.27038,1,0.60598,1,0.35507,1,0.02672,0.58424,-0.43025,1,0.63496,0.8913,0.26585,0.91033,-0.33333,1,0.15942,0.37681,-0.01947,1,0.22464,1,0.37409,2
1,0,0.69444,0.38889,0,0,-0.32937,0.69841,0,0,0,0,0,0,0.20635,-0.24206,0.21032,0.19444,0.46429,0.78175,0,0,0,0,0.73413,0.27381,0.7619,0.63492,0,0,0,0,0,0,2
0,0,1,1,1,-1,1,1,1,1,1,1,1,1,1,1,1,-1,-1,1,-1,1,-1,1,1,-1,1,1,-1,1,-1,-1,-1,1,2
0,0,1,1,1,-1,1,1,-1,1,0,0,1,1,0,0,0,0,-1,1,-1,1,1,1,1,-1,1,1,1,1,1,-1,-1,1,2
0,0,1,-1,1,1,1,1,1,1,1,1,1,-1,1,-1,1,1,1,-1,1,1,1,1,1,-1,1,1,1,-1,1,1,1,-1,2
1,0,0.68198,-0.17314,0.82332,0.21908,0.46643,0.32862,0.25795,0.58304,1,-0.15194,0.0106,0.44523,0.0106,0.38869,0.18681,0.41168,0.10567,0.36353,0.04325,0.30745,-0.00083,0.24936,-0.02862,0.19405,-0.04314,0.14481,-0.04779,0.10349,-0.04585,0.07064,-0.04013,0.04586,2
1,0,0.41932,0.12482,0.35,0.125,0.23182,0.27955,-0.03636,0.44318,0.04517,0.36194,-0.19091,0.33636,-0.1335,0.27322,0.02727,0.40455,-0.34773,0.12727,-0.20028,0.05078,-0.18636,0.36364,-0.14003,-0.04802,-0.09971,-0.07114,-1,-1,-0.02916,-0.07464,-0.00526,-0.06314,2
1,0,0.84557,-0.0858,-0.31745,-0.80553,-0.08961,-0.56435,0.80648,0.04576,0.89514,-0.00763,-0.18494,0.63966,-0.20019,-0.68065,0.85701,-0.11344,0.77979,-0.15729,-0.06959,0.5081,-0.34128,0.80934,0.78932,-0.03718,0.70882,-0.25288,0.77884,-0.14109,-0.21354,-0.7817,-0.18494,-0.59867,2
1,0,0.79157,0.16851,0,0,0.56541,0.06874,0.39468,1,0.38359,0.99557,-0.02439,0.53215,0.23725,0.1286,-0.02661,0.95122,-0.50998,0.84922,-0.102,0.38803,-0.42572,0.23725,-0.91574,0.8071,-0.34146,0.88248,-1,0.69401,-1,0.1286,0,0,2
1,0,-1,-1,0,0,0.50814,-0.78502,0.60586,0.32899,-1,-0.41368,0,0,0,0,1,-0.2671,0.36482,-0.63518,0.97068,-1,-1,-1,1,-0.59609,-1,-1,-1,-1,1,-1,0,0,2
1,0,1,-1,0,0,0.77941,-0.99265,0.80882,0.55147,-0.41912,-0.94853,0,0,0,0,0.72059,-0.77206,0.73529,-0.60294,0,0,0.18382,-1,-1,-1,-1,-1,1,-1,1,-1,0,0,2
0,0,0,0,0,0,0,0,0,0,0,0,0,0,0,0,0,0,0,0,0,0,0,0,0,0,1,-1,0,0,0,0,0,0,2
1,0,0.28409,-0.31818,0,0,0.68182,-1,0.30682,0.95833,0.64394,0.06439,0.34848,-0.84848,0,0,0.59091,-0.35985,0.45076,-0.80682,0,0,0,0,0.24242,0.17803,1,-0.23864,0.06061,-0.48485,0.16288,-0.70076,0,0,2
1,0,0,0,0,0,0,0,0,0,0.62195,1,0,0,0,0,0.36585,-0.71951,0.56098,-1,0,0,0,0,0,0,1,0.10976,0,0,0,0,0,0,2
1,0,0.65909,-0.62879,0,0,0,0,0.77273,1,1,-0.2803,0,0,0,0,0.62121,-0.22727,0.84091,-1,1,-1,0,0,0,0,1,-0.93939,-0.12879,-0.93182,0,0,0,0,2
1,0,0.42,-0.61,0,0,1,-1,0.9,1,0.43,0.64,0,0,0,0,0.67,-0.29,0.84,-1,0,0,0,0,0.21,0.68,1,0.22,0,0,0,0,0,0,2
1,0,1,-0.14754,1,0.04918,0.57377,-0.01639,0.65574,0.01639,0.85246,-0.03279,0.72131,0,0.68852,-0.16393,0.19672,-0.14754,0.65558,-0.17176,0.67213,0.03279,1,-0.29508,0.31148,-0.34426,0.52385,-0.20325,0.32787,-0.03279,0.27869,-0.44262,0.4918,-0.06557,2
1,0,0.39286,0.52381,-0.78824,0.11342,-0.16628,-0.76378,0.66667,0.0119,0.82143,0.40476,-0.6723,0.30729,-0.34797,-0.63668,0.46429,0.15476,0.54762,0.05952,-0.5183,0.44961,-0.47651,-0.47594,0.32143,0.70238,0.51971,0.38848,0.57143,0.39286,-0.54891,-0.29915,0.25441,-0.55837,2
1,0,0.43636,-0.12727,0.58182,-0.14545,0.18182,-0.67273,0.34545,-0.03636,0.29091,-0.05455,0.29091,0.29091,0.36364,-0.41818,0.2,-0.01818,0.36364,0.05455,0.12727,0.49091,0.61818,0.16364,0.32727,0.16364,0.41098,-0.07027,0.34545,-0.05455,0.12727,-0.36364,0.29091,-0.29091,2
1,0,0.7381,0.83333,-0.7619,-0.2381,0.33333,-0.14286,0.45238,-0.14286,-0.67285,0.12808,0.33333,0,0.28571,-0.07143,-0.38214,0.51163,0.2381,0.02381,0.45238,0.04762,0.16667,-0.2619,-0.57255,-0.10234,0.24889,-0.51079,1,0,-0.66667,-0.04762,0.2619,0.02381,2
1,0,0.5984,0.40332,0.82809,0.80521,0.76001,0.70709,0.8401,-0.10984,0.97311,0.07981,0.95824,-0.85727,0.91962,0.88444,0.95452,-0.05206,0.88673,0.18135,0.98484,-0.69594,0.8667,-0.85755,0.28604,-0.30063,1,0.17076,0.62958,0.42677,0.87757,0.81007,0.81979,0.68822,2
1,0,0,0,-0.33672,0.85388,0,0,0.68869,-1,0.97078,0.31385,-0.26048,-0.59212,-0.30241,0.65565,0.94155,0.16391,0,0,0,0,-0.18043,-1,0,0,1,-1,0,0,0.04447,0.61881,0,0,2
1,0,0,0,0.98919,-0.22703,0.18919,-0.05405,0,0,0.93243,0.07297,1,-0.2,1,0.07027,1,-0.11351,0,0,1,-0.21081,1,-0.41622,0,0,1,-0.17568,0,0,1,-0.25946,0.28919,-0.15676,2
1,0,1,1,1,-1,0,0,0,0,1,1,1,-1,1,1,1,-1,0,0,0,0,1,-0.27778,0,0,1,-1,1,1,1,-1,0,0,2
1,0,0,0,1,-1,0,0,0,0,1,1,1,-0.25342,1,0.23288,1,-1,0,0,0,0,1,1,0,0,1,-1,0,0,1,-1,0,0,2
1,0,-0.26667,0.4,-0.27303,0.12159,-0.17778,-0.04444,0.06192,-0.06879,0.04461,0.02575,-0.00885,0.02726,-0.01586,-0.00166,-0.00093,-0.00883,0.0047,-0.00153,0.00138,0.00238,-0.00114,0.00102,-0.00069,-0.0005,0.00019,-0.00043,0.00026,5e-05,0,0.00015,-8e-05,2e-05,2
1,0,0.62745,-0.07843,0.72549,0,0.60784,-0.07843,0.62745,-0.11765,0.68627,-0.11765,0.66667,-0.13725,0.64706,-0.09804,0.54902,-0.11765,0.54902,-0.21569,0.58824,-0.19608,0.66667,-0.23529,0.45098,-0.2549,0.52409,-0.24668,0.56863,-0.31373,0.43137,-0.21569,0.47059,-0.27451,2
1,0,-0.65625,0.15625,0.0625,0,0,0.0625,0.625,0.0625,0.1875,0,-0.03125,0.09375,0.0625,0,0.15625,-0.15625,0.4375,-0.375,0,-0.09375,0,0,0.03125,-0.46875,0.03125,0,-0.71875,0.03125,-0.03125,0,0,0.09375,2
1,0,-0.205,0.2875,0.23,0.1,0.2825,0.3175,0.3225,0.35,0.36285,-0.34617,0.0925,0.275,-0.095,0.21,-0.0875,0.235,-0.34187,0.31408,-0.48,-0.08,0.29908,0.33176,-0.58,-0.24,0.3219,-0.28475,-0.47,0.185,-0.27104,-0.31228,0.40445,0.0305,2
1,0,0.05866,-0.00838,0.06704,0.00838,0,-0.01117,0.00559,-0.03911,0.01676,-0.07542,-0.00559,0.05307,0.06425,-0.03352,0,0.09497,-0.06425,0.07542,-0.04749,0.02514,0.02793,-0.00559,0.00838,0.00559,0.10335,-0.00838,0.03073,-0.00279,0.04469,0,0.04749,-0.03352,2
1,0,0.0546,0.01437,-0.02586,0.04598,0.01437,0.04598,-0.07759,0.00862,0.01724,-0.06609,-0.03736,0.0431,-0.08333,-0.04598,-0.09483,0.08046,-0.04023,0.05172,0.02011,0.02299,-0.03736,-0.01149,0.03161,-0.00862,0.00862,0.01724,0.02586,0.01149,0.02586,0.01149,-0.04598,-0.00575,2
1,0,0.03852,0.02568,0.00428,0,0.01997,-0.01997,0.0214,-0.04993,-0.0485,-0.01284,0.01427,-0.02282,0,-0.03281,-0.04708,-0.02853,-0.01712,0.03566,0.0214,0.00428,0.05136,-0.02282,0.05136,0.01854,0.03994,0.01569,0.01997,0.00713,-0.02568,-0.01854,-0.01427,0.01997,2
1,0,0.08696,0.00686,0.13959,-0.04119,0.10526,-0.08238,0.12586,-0.06178,0.23341,-0.01144,0.12357,0.0778,0.14645,-0.13501,0.29062,-0.04805,0.18993,0.07323,0.1167,0,0.11213,-0.00229,0.15103,-0.10297,0.08467,0.01373,0.11213,-0.06636,0.09611,-0.07323,0.1167,-0.06865,2
1,0,1,1,1,0.5125,0.625,-1,1,1,0.025,0.03125,1,1,0,0,1,-1,1,1,1,1,0.3125,1,1,1,1,1,1,1,-0.94375,1,0,0,2
1,0,0,0,-1,-1,-1,1,0,0,-1,1,1,1,1,-1,0,0,0,0,-1,-1,-1,1,1,0.4375,1,-1,0,0,-1,-1,-1,1,2
0,0,0,0,0,0,0,0,0,0,0,0,-1,-1,0,0,1,0.75,0,0,0,0,-1,1,0,0,1,-1,-1,-1,1,1,0,0,2
1,0,0,0,-1,-0.62766,1,0.51064,0.07979,-0.23404,-1,-0.3617,0.12766,-0.59043,1,-1,0,0,0.82979,-0.07979,-0.25,1,0.17021,-0.70745,0,0,-0.19149,-0.46809,-0.2234,-0.48936,0.74468,0.90426,-0.67553,0.45745,2
0,0,-1,1,-1,-1,0,0,-1,1,1,-1,-1,-1,-1,1,0,0,-1,-1,-1,1,0,0,1,-1,1,1,1,-1,1,1,0,0,2
0,0,-1,-1,0,0,0,0,0,0,0,0,0,0,1,-1,0,0,-1,-1,0,0,1,1,1,-1,1,-1,0,0,0,0,0,0,2
1,0,0,0,0,0,0,0,0,0,1,-0.33333,0.16667,0.26042,0,0,0,0,0,0,-0.19792,-0.21875,-0.16667,0.90625,-1,0.5,0.04167,0.75,-0.22917,-1,-0.125,-0.27083,-0.19792,-0.9375,2
1,0,0.36876,-1,-1,-1,-0.07661,1,1,0.95041,0.74597,-0.3871,-1,-0.79313,-0.09677,1,0.48684,0.46502,0.31755,-0.27461,-0.14343,-0.20188,-0.11976,0.06895,0.03021,0.06639,0.03443,-0.01186,-0.00403,-0.01672,-0.00761,0.00108,0.00015,0.00325,2
1,0,0,0,0,0,0,0,-0.85,-1,0,0,1,-1,0,0,-1,-1,-1,-1,1,-1,-0.6,-1,1,1,-1,-0.2,1,-1,0,1,0,0,2
0,0,0,0,-1,1,1,1,-1,-1,0,0,-1,-1,-1,-0.3125,-1,-1,1,-1,1,-1,0,0,1,-1,-1,-1,0,0,1,-1,0,0,2
1,0,-0.00641,-0.5,0,0,-0.01923,1,0,0,0,0,0,0,0,0,0,0,0.3141,0.92949,-0.35256,0.74359,-0.34615,-0.80769,0,0,-0.61538,-0.51282,0,0,0,0,0,0,2
0,0,-1,-1,1,-1,-1,1,0,0,1,-1,1,-1,0,0,0,0,0,0,-1,1,1,-1,-1,1,1,1,0,0,1,0.5,0,0,2
1,0,-1,-0.59677,0,0,-1,0.64516,-0.87097,1,0,0,0,0,0,0,0,0,0,0,-1,-1,0,0,0.29839,0.23387,1,0.51613,0,0,0,0,0,0,2
0,0,1,1,1,-1,1,1,1,1,1,1,1,-1,1,1,1,-1,1,-1,1,1,1,1,1,-1,1,1,1,1,1,1,1,1,2
0,0,1,-1,1,1,1,-1,1,1,1,-1,1,-1,1,-1,1,1,1,1,1,1,1,-1,1,1,1,1,1,1,1,1,1,-1,2
0,0,0,0,1,1,0,0,1,1,0,0,1,-1,0,0,0,0,0,0,0,0,0,0,0,0,1,-1,0,0,-1,1,0,0,2
0,0,0,0,1,1,1,1,0,0,0,0,-1,-1,0,0,-1,-1,0,0,0,0,1,1,0,0,1,1,0,0,-1,1,0,0,2
0,0,1,1,-1,-1,-1,-1,0,0,0,0,-1,-1,0,0,0,0,0,0,-1,1,1,1,0,0,1,-1,0,0,-1,-1,-1,-1,2
1,0,0.38521,0.15564,0.41245,0.07393,0.26459,0.24125,0.23346,0.1323,0.19455,0.25292,0.24514,0.36965,0.08949,0.22957,-0.03891,0.36965,0.05058,0.24903,0.24903,0.09728,0.07782,0.29961,-0.02494,0.28482,-0.06024,0.26256,-0.14786,0.14786,-0.09339,0.31128,-0.19066,0.28794,2
1,0,0.25316,0.35949,0,0,-0.2962,-1,0,0,0.07595,-0.07342,0,0,0,0,0,0,0,0,0.00759,0.68101,-0.2,0.33671,-0.1038,0.35696,0.0557,-1,0,0,0.06329,-1,0,0,2
1,0,0,0,1,0.12889,0.88444,-0.02,0,0,1,-0.42444,1,0.19556,1,-0.05333,1,-0.81556,0,0,1,-0.04,1,-0.18667,0,0,1,-1,0,0,1,0.11778,0.90667,-0.09556,2
0,0,0,0,0,0,0,0,0,0,0,0,0,0,0,0,0,0,0,0,0,0,0,0,0,0,1,-1,0,0,0,0,0,0,2
1,0,0,0,0,0,1,1,-1,-1,0,0,1,-0.11111,0,0,0,0,-1,1,1,1,1,-1,0,0,1,-1,0,0,0,0,1,1,2
1,0,1,-1,1,-1,1,-1,1,-1,1,1,1,1,1,-1,1,1,1,1,1,1,1,-1,1,-1,1,-1,1,0.65625,0,0,1,-1,2
1,0,0.50932,-0.93996,1,0.26708,-0.0352,-1,1,-1,0.43685,-1,0,0,-1,-0.34265,-0.37681,0.03623,1,-1,0,0,0,0,-0.16253,0.92236,0.39752,0.26501,0,0,1,0.23188,0,0,2
1,0,0.94531,-0.03516,-1,-0.33203,-1,-0.01563,0.97266,0.01172,0.93359,-0.01953,-1,0.16406,-1,-0.00391,0.95313,-0.03516,0.92188,-0.02734,-0.99219,0.11719,-0.93359,0.34766,0.95703,-0.00391,0.82041,0.13758,0.90234,-0.06641,-1,-0.1875,-1,-0.34375,2
1,0,1,1,1,-1,1,-1,1,1,0,0,1,-1,0,0,0,0,0,0,-1,1,1,1,0,0,1,1,0,0,-1,-1,0,0,2
